{"sections":{"sliding_navigation_dqnjkk":{"type":"sliding-navigation","blocks":{"nav_tab_a9ThhJ":{"type":"nav_tab","settings":{"title":"Sandy's Games","link":"\/collections\/sandys-games","is_active":false}},"nav_tab_DqLgjB":{"type":"nav_tab","settings":{"title":"Larval Games","link":"\/collections\/larval-games","is_active":false}},"nav_tab_GRzhNN":{"type":"nav_tab","settings":{"title":"Miniatures","link":"\/collections\/miniatures","is_active":false}},"nav_tab_9pMmAB":{"type":"nav_tab","settings":{"title":"Collection","link":"","is_active":false}},"nav_tab_hMfmBG":{"type":"nav_tab","settings":{"title":"Collection","link":"","is_active":false}},"nav_tab_e9fkYt":{"type":"nav_tab","settings":{"title":"Hyperspace","link":"\/collections\/hyperspace","is_active":false}}},"block_order":["nav_tab_a9ThhJ","nav_tab_DqLgjB","nav_tab_GRzhNN","nav_tab_9pMmAB","nav_tab_hMfmBG","nav_tab_e9fkYt"],"disabled":true,"name":"Sliding Navigation","settings":{"show_on_mobile":true}},"slideshow_tyyT8H":{"type":"slideshow","blocks":{"slide_VFCPhk":{"type":"_slide","settings":{"media_type_1":"image","image_1":"shopify:\/\/shop_images\/hyperspace-space.jpg","content_direction":"column","vertical_on_mobile":true,"horizontal_alignment":"flex-start","vertical_alignment":"center","align_baseline":false,"horizontal_alignment_flex_direction_column":"center","vertical_alignment_flex_direction_column":"center","gap":12,"inherit_color_scheme":false,"color_scheme":"","toggle_overlay":false,"overlay_color":"#00000026","overlay_style":"solid","gradient_direction":"to top","padding-block-start":60,"padding-block-end":40,"padding-inline-start":0,"padding-inline-end":0},"blocks":{"video_yzUEWG":{"type":"video","name":"t:names.video","disabled":true,"settings":{"source":"url","video_url":"https:\/\/vimeo.com\/1112154466","video_autoplay":true,"video_loop":true,"alt":"","custom_width":40,"custom_width_mobile":40,"aspect_ratio":"16\/9","border":"none","border_width":1,"border_opacity":100,"border_radius":0,"padding-block-start":0,"padding-block-end":0,"padding-inline-start":0,"padding-inline-end":0},"blocks":{}},"group_aGcw8N":{"type":"group","settings":{"link":"","open_in_new_tab":false,"content_direction":"row","vertical_on_mobile":true,"horizontal_alignment":"center","vertical_alignment":"center","align_baseline":false,"horizontal_alignment_flex_direction_column":"flex-start","vertical_alignment_flex_direction_column":"center","gap":16,"width":"custom","custom_width":50,"width_mobile":"custom","custom_width_mobile":85,"height":"fit","custom_height":100,"inherit_color_scheme":false,"color_scheme":"scheme-6","background_media":"none","video_position":"cover","background_image_position":"cover","border":"none","border_width":1,"border_opacity":100,"border_radius":16,"placeholder":"","toggle_overlay":false,"overlay_color":"#00000026","overlay_style":"solid","gradient_direction":"to top","padding-block-start":48,"padding-block-end":48,"padding-inline-start":48,"padding-inline-end":48},"blocks":{"text_FT9Tax":{"type":"text","settings":{"text":"<h1><strong>Enter the Realm of Legendary Horror Gaming.<\/strong><\/h1>","width":"fit-content","max_width":"normal","alignment":"left","type_preset":"h1","font":"var(--font-body--family)","font_size":"1rem","line_height":"normal","letter_spacing":"normal","case":"none","wrap":"pretty","color":"var(--color-foreground-heading)","background":false,"background_color":"#00000026","corner_radius":0,"padding-block-start":0,"padding-block-end":0,"padding-inline-start":0,"padding-inline-end":0},"blocks":{}},"text_tQzReJ":{"type":"text","settings":{"text":"<h3>From the twisted imagination of <strong>Sandy Petersen.<\/strong><\/h3><p>The master of cosmic horror brings you board games where ancient evils awaken, demons invade Earth, and space holds terrifying secrets. Each game is a gateway to worlds where strategy meets nightmare, and victory demands embracing the darkness.<\/p>","width":"fit-content","max_width":"normal","alignment":"left","type_preset":"paragraph","font":"var(--font-body--family)","font_size":"1rem","line_height":"normal","letter_spacing":"normal","case":"none","wrap":"pretty","color":"var(--color-foreground)","background":false,"background_color":"#00000026","corner_radius":0,"padding-block-start":0,"padding-block-end":20,"padding-inline-start":0,"padding-inline-end":0},"blocks":{}},"button_Azf3B6":{"type":"button","settings":{"label":"Shop now","link":"shopify:\/\/collections\/all","open_in_new_tab":false,"style_class":"button","width":"fit-content","custom_width":100,"width_mobile":"fit-content","custom_width_mobile":100},"blocks":{}}},"block_order":["text_FT9Tax","text_tQzReJ","button_Azf3B6"]}},"block_order":["video_yzUEWG","group_aGcw8N"]},"slide_LXNWPK":{"type":"_slide","settings":{"media_type_1":"image","image_1":"shopify:\/\/shop_images\/hyperspace-space-banner-2.jpg","content_direction":"column","vertical_on_mobile":true,"horizontal_alignment":"flex-start","vertical_alignment":"center","align_baseline":false,"horizontal_alignment_flex_direction_column":"center","vertical_alignment_flex_direction_column":"center","gap":12,"inherit_color_scheme":false,"color_scheme":"","toggle_overlay":false,"overlay_color":"#00000026","overlay_style":"solid","gradient_direction":"to top","padding-block-start":0,"padding-block-end":0,"padding-inline-start":0,"padding-inline-end":0},"blocks":{"group_3bdcUP":{"type":"group","settings":{"link":"","open_in_new_tab":false,"content_direction":"column","vertical_on_mobile":true,"horizontal_alignment":"flex-start","vertical_alignment":"center","align_baseline":false,"horizontal_alignment_flex_direction_column":"center","vertical_alignment_flex_direction_column":"center","gap":12,"width":"custom","custom_width":50,"width_mobile":"custom","custom_width_mobile":85,"height":"fit","custom_height":100,"inherit_color_scheme":false,"color_scheme":"scheme-6","background_media":"none","video_position":"cover","background_image_position":"cover","border":"none","border_width":1,"border_opacity":100,"border_radius":16,"placeholder":"","toggle_overlay":false,"overlay_color":"#00000026","overlay_style":"solid","gradient_direction":"to top","padding-block-start":48,"padding-block-end":48,"padding-inline-start":48,"padding-inline-end":48},"blocks":{"text_z8Dm4T":{"type":"text","settings":{"text":"<h2><strong>Next-Generation Space Horror Gaming.<\/strong><\/h2>","width":"fit-content","max_width":"normal","alignment":"left","type_preset":"rte","font":"var(--font-body--family)","font_size":"1rem","line_height":"normal","letter_spacing":"normal","case":"none","wrap":"pretty","color":"var(--color-foreground)","background":false,"background_color":"#00000026","corner_radius":0,"padding-block-start":0,"padding-block-end":0,"padding-inline-start":0,"padding-inline-end":0},"blocks":{}},"text_wxw9LX":{"type":"text","settings":{"text":"<h4>The future of horror gaming has arrived.<\/h4><p><\/p>","width":"fit-content","max_width":"normal","alignment":"left","type_preset":"rte","font":"var(--font-body--family)","font_size":"1rem","line_height":"normal","letter_spacing":"normal","case":"none","wrap":"pretty","color":"var(--color-foreground)","background":false,"background_color":"#00000026","corner_radius":0,"padding-block-start":0,"padding-block-end":20,"padding-inline-start":0,"padding-inline-end":0},"blocks":{}},"button_c33Di6":{"type":"button","settings":{"label":"Shop now","link":"shopify:\/\/collections\/all","open_in_new_tab":false,"style_class":"button","width":"fit-content","custom_width":100,"width_mobile":"fit-content","custom_width_mobile":100},"blocks":{}}},"block_order":["text_z8Dm4T","text_wxw9LX","button_c33Di6"]}},"block_order":["group_3bdcUP"]}},"block_order":["slide_VFCPhk","slide_LXNWPK"],"name":"t:names.slideshow","settings":{"icons_style":"none","slideshow_controls_style":"counter","color_scheme":"","autoplay":false,"autoplay_speed":4,"section_width":"full-width","slide_height":"large","padding-block-start":40,"padding-block-end":40}},"collection_list_wtJanw":{"type":"collection-list","blocks":{"group_Y86Ffk":{"type":"group","name":"t:names.header","settings":{"link":"shopify:\/\/collections\/cthulhu-wars-1","open_in_new_tab":false,"content_direction":"column","vertical_on_mobile":true,"horizontal_alignment":"flex-start","vertical_alignment":"center","align_baseline":false,"horizontal_alignment_flex_direction_column":"flex-start","vertical_alignment_flex_direction_column":"center","gap":12,"width":"fill","custom_width":100,"width_mobile":"fill","custom_width_mobile":100,"height":"fit","custom_height":100,"inherit_color_scheme":true,"color_scheme":"","background_media":"none","video_position":"cover","background_image_position":"cover","border":"none","border_width":1,"border_opacity":100,"border_radius":0,"placeholder":"","toggle_overlay":false,"overlay_color":"#00000026","overlay_style":"solid","gradient_direction":"to top","padding-block-start":0,"padding-block-end":0,"padding-inline-start":0,"padding-inline-end":0},"blocks":{"text_8iHm4p":{"type":"text","name":"t:names.text","settings":{"text":"<h3>Shop by collection<\/h3>","width":"fit-content","max_width":"normal","alignment":"left","type_preset":"h4","font":"var(--font-body--family)","font_size":"1rem","line_height":"normal","letter_spacing":"normal","case":"none","wrap":"pretty","color":"var(--color-foreground-heading)","background":false,"background_color":"#00000026","corner_radius":0,"padding-block-start":0,"padding-block-end":16,"padding-inline-start":0,"padding-inline-end":0},"blocks":{}}},"block_order":["text_8iHm4p"]},"static-collection-card":{"type":"_collection-card","name":"t:names.collection_card","static":true,"settings":{"placement":"below_image","horizontal_alignment":"flex-start","vertical_alignment":"center","collection_card_gap":8,"inherit_color_scheme":true,"color_scheme":"","border":"none","border_width":1,"border_opacity":100,"border_radius":0},"blocks":{"collection_title_8y66VJ":{"type":"collection-title","name":"t:names.collection_title","settings":{"width":"fit-content","max_width":"normal","alignment":"left","type_preset":"rte","font":"var(--font-body--family)","font_size":"1rem","line_height":"normal","letter_spacing":"normal","case":"none","wrap":"pretty","color":"var(--color-foreground)","background":false,"background_color":"#00000026","corner_radius":0,"padding-block-start":0,"padding-block-end":0,"padding-inline-start":0,"padding-inline-end":0},"blocks":{}},"collection-card-image":{"type":"_collection-card-image","name":"t:names.collection_card_image","static":true,"settings":{"image_ratio":"adapt","toggle_overlay":false,"overlay_color":"#00000026","overlay_style":"solid","gradient_direction":"to top","border":"none","border_width":1,"border_opacity":100,"border_radius":0},"blocks":{}}},"block_order":["collection_title_8y66VJ"]}},"block_order":["group_Y86Ffk"],"disabled":true,"name":"t:names.collections_carousel","settings":{"collection_list":["cthulhu-wars-expansions","cthulhu-wars-1","miniatures-new-primary-category"],"layout_type":"carousel","carousel_on_mobile":false,"columns":3,"mobile_columns":"2","mobile_card_size":"60cqw","columns_gap":8,"bento_gap":8,"rows_gap":8,"max_collections":4,"icons_style":"arrow","icons_shape":"circle","section_width":"page-width","gap":12,"color_scheme":"","padding-block-start":48,"padding-block-end":48}},"slideshow_RRCixV":{"type":"slideshow","blocks":{"slide_JdArgN":{"type":"_slide","settings":{"media_type_1":"image","image_1":"shopify:\/\/shop_images\/PA_KS_banner_background_image.jpg","content_direction":"column","vertical_on_mobile":true,"horizontal_alignment":"flex-start","vertical_alignment":"center","align_baseline":false,"horizontal_alignment_flex_direction_column":"center","vertical_alignment_flex_direction_column":"center","gap":12,"inherit_color_scheme":false,"color_scheme":"","toggle_overlay":false,"overlay_color":"#00000026","overlay_style":"solid","gradient_direction":"to top","padding-block-start":60,"padding-block-end":40,"padding-inline-start":0,"padding-inline-end":0},"blocks":{"group_afbK76":{"type":"group","settings":{"link":"","open_in_new_tab":false,"content_direction":"column","vertical_on_mobile":true,"horizontal_alignment":"center","vertical_alignment":"center","align_baseline":false,"horizontal_alignment_flex_direction_column":"center","vertical_alignment_flex_direction_column":"center","gap":16,"width":"custom","custom_width":50,"width_mobile":"custom","custom_width_mobile":85,"height":"fit","custom_height":100,"inherit_color_scheme":false,"color_scheme":"scheme-6","background_media":"none","video_position":"cover","background_image_position":"cover","border":"none","border_width":1,"border_opacity":100,"border_radius":16,"placeholder":"","toggle_overlay":false,"overlay_color":"#00000026","overlay_style":"solid","gradient_direction":"to top","padding-block-start":48,"padding-block-end":48,"padding-inline-start":48,"padding-inline-end":48},"blocks":{"text_hECdgt":{"type":"text","settings":{"text":"<p><strong>Demonic Artistry - Planet Apocalypse Visual Mastery.<\/strong><\/p>","width":"fit-content","max_width":"normal","alignment":"left","type_preset":"h1","font":"var(--font-body--family)","font_size":"1rem","line_height":"normal","letter_spacing":"normal","case":"none","wrap":"pretty","color":"var(--color-foreground-heading)","background":false,"background_color":"#00000026","corner_radius":0,"padding-block-start":0,"padding-block-end":0,"padding-inline-start":0,"padding-inline-end":0},"blocks":{}},"text_6aTmR8":{"type":"text","settings":{"text":"<h2>When Art Meets Apocalypse.<\/h2>","width":"fit-content","max_width":"normal","alignment":"left","type_preset":"h2","font":"var(--font-body--family)","font_size":"1rem","line_height":"normal","letter_spacing":"normal","case":"none","wrap":"pretty","color":"var(--color-foreground-heading)","background":false,"background_color":"#00000026","corner_radius":0,"padding-block-start":0,"padding-block-end":0,"padding-inline-start":0,"padding-inline-end":0},"blocks":{}},"text_phMJEE":{"type":"text","settings":{"text":"<p>Experience the ultimate fusion of strategy and artistry. Where Hell’s invasion becomes a gallery-worthy gaming experience that transforms your table into a museum of beautiful terror. This isn’t just a game—it’s luxury entertainment that commands respect.<\/p>","width":"fit-content","max_width":"normal","alignment":"left","type_preset":"paragraph","font":"var(--font-body--family)","font_size":"1rem","line_height":"normal","letter_spacing":"normal","case":"none","wrap":"pretty","color":"var(--color-foreground)","background":false,"background_color":"#00000026","corner_radius":0,"padding-block-start":0,"padding-block-end":20,"padding-inline-start":0,"padding-inline-end":0},"blocks":{}},"button_a4K3aB":{"type":"button","settings":{"label":"Shop now","link":"shopify:\/\/collections\/all","open_in_new_tab":false,"style_class":"button","width":"fit-content","custom_width":100,"width_mobile":"fit-content","custom_width_mobile":100},"blocks":{}}},"block_order":["text_hECdgt","text_6aTmR8","text_phMJEE","button_a4K3aB"]}},"block_order":["group_afbK76"]}},"block_order":["slide_JdArgN"],"disabled":true,"name":"t:names.slideshow","settings":{"icons_style":"none","slideshow_controls_style":"counter","color_scheme":"","autoplay":false,"autoplay_speed":4,"section_width":"full-width","slide_height":"large","padding-block-start":40,"padding-block-end":40}},"section_HrYMJX":{"type":"section","blocks":{"group_wtHm4R":{"type":"group","name":"Column","settings":{"link":"","open_in_new_tab":false,"content_direction":"column","vertical_on_mobile":true,"horizontal_alignment":"flex-start","vertical_alignment":"center","align_baseline":false,"horizontal_alignment_flex_direction_column":"flex-start","vertical_alignment_flex_direction_column":"flex-start","gap":8,"width":"fill","custom_width":100,"width_mobile":"fill","custom_width_mobile":100,"height":"fit","custom_height":100,"inherit_color_scheme":true,"color_scheme":"","background_media":"none","video_position":"cover","background_image_position":"cover","border":"none","border_width":1,"border_opacity":100,"border_radius":0,"placeholder":"","toggle_overlay":false,"overlay_color":"#00000026","overlay_style":"solid","gradient_direction":"to top","padding-block-start":10,"padding-block-end":0,"padding-inline-start":0,"padding-inline-end":0},"blocks":{"image_xnK3Qc":{"type":"image","name":"t:names.image","settings":{"image":"shopify:\/\/shop_images\/Tardigrade.jpg","link":"","image_ratio":"adapt","width":"fill","custom_width":100,"width_mobile":"fill","custom_width_mobile":100,"height":"fit","border":"none","border_width":1,"border_opacity":100,"border_radius":0,"padding-block-start":0,"padding-block-end":0,"padding-inline-start":0,"padding-inline-end":0},"blocks":{}}},"block_order":["image_xnK3Qc"]},"group_UJ9gqz":{"type":"group","name":"Column","settings":{"link":"","open_in_new_tab":false,"content_direction":"column","vertical_on_mobile":true,"horizontal_alignment":"flex-start","vertical_alignment":"center","align_baseline":false,"horizontal_alignment_flex_direction_column":"flex-start","vertical_alignment_flex_direction_column":"flex-start","gap":8,"width":"fill","custom_width":100,"width_mobile":"fill","custom_width_mobile":100,"height":"fit","custom_height":100,"inherit_color_scheme":true,"color_scheme":"","background_media":"none","video_position":"cover","background_image_position":"cover","border":"none","border_width":1,"border_opacity":100,"border_radius":0,"placeholder":"","toggle_overlay":false,"overlay_color":"#00000026","overlay_style":"solid","gradient_direction":"to top","padding-block-start":10,"padding-block-end":0,"padding-inline-start":0,"padding-inline-end":0},"blocks":{"image_pdPWcM":{"type":"image","name":"t:names.image","settings":{"image":"shopify:\/\/shop_images\/Baphomet_cec10bf3-0b37-491a-914b-083fb0b0cc69.jpg","link":"","image_ratio":"adapt","width":"fill","custom_width":100,"width_mobile":"fill","custom_width_mobile":100,"height":"fit","border":"none","border_width":1,"border_opacity":100,"border_radius":0,"padding-block-start":0,"padding-block-end":0,"padding-inline-start":0,"padding-inline-end":0},"blocks":{}}},"block_order":["image_pdPWcM"]},"group_fWpfde":{"type":"group","name":"Column","settings":{"link":"","open_in_new_tab":false,"content_direction":"column","vertical_on_mobile":true,"horizontal_alignment":"flex-start","vertical_alignment":"center","align_baseline":false,"horizontal_alignment_flex_direction_column":"flex-start","vertical_alignment_flex_direction_column":"flex-start","gap":8,"width":"fill","custom_width":100,"width_mobile":"fill","custom_width_mobile":100,"height":"fit","custom_height":100,"inherit_color_scheme":true,"color_scheme":"","background_media":"none","video_position":"cover","background_image_position":"cover","border":"none","border_width":1,"border_opacity":100,"border_radius":0,"placeholder":"","toggle_overlay":false,"overlay_color":"#00000026","overlay_style":"solid","gradient_direction":"to top","padding-block-start":10,"padding-block-end":0,"padding-inline-start":0,"padding-inline-end":0},"blocks":{"image_AniNyf":{"type":"image","name":"t:names.image","settings":{"image":"shopify:\/\/shop_images\/Philtre.jpg","link":"","image_ratio":"adapt","width":"fill","custom_width":100,"width_mobile":"fill","custom_width_mobile":100,"height":"fit","border":"none","border_width":1,"border_opacity":100,"border_radius":0,"padding-block-start":0,"padding-block-end":0,"padding-inline-start":0,"padding-inline-end":0},"blocks":{}}},"block_order":["image_AniNyf"]}},"block_order":["group_wtHm4R","group_UJ9gqz","group_fWpfde"],"name":"t:names.multicolumn","settings":{"content_direction":"row","vertical_on_mobile":true,"horizontal_alignment":"flex-start","vertical_alignment":"flex-start","align_baseline":false,"horizontal_alignment_flex_direction_column":"flex-start","vertical_alignment_flex_direction_column":"center","gap":16,"section_width":"page-width","section_height":"","section_height_custom":50,"color_scheme":"","background_media":"none","video_position":"cover","background_image_position":"cover","border":"none","border_width":1,"border_opacity":100,"border_radius":0,"toggle_overlay":false,"overlay_color":"#00000026","overlay_style":"solid","gradient_direction":"to top","padding-block-start":48,"padding-block-end":48}},"product_list_fa6P9H":{"type":"product-list","blocks":{"static-header":{"type":"_product-list-content","name":"t:names.header","static":true,"settings":{"content_direction":"row","vertical_on_mobile":false,"horizontal_alignment":"space-between","vertical_alignment":"flex-end","align_baseline":true,"horizontal_alignment_flex_direction_column":"flex-start","vertical_alignment_flex_direction_column":"center","gap":12,"width":"fill","custom_width":100,"width_mobile":"fill","custom_width_mobile":100,"height":"fit","custom_height":100,"inherit_color_scheme":true,"color_scheme":"","background_media":"none","video_position":"cover","background_image_position":"cover","border":"none","border_width":1,"border_opacity":100,"border_radius":0,"padding-block-start":0,"padding-block-end":0,"padding-inline-start":0,"padding-inline-end":0},"blocks":{"product_list_text_YFtzcL":{"type":"_product-list-text","name":"t:names.collection_title","settings":{"text":"<h3>{{ closest.collection.title }}<\/h3>","width":"fit-content","max_width":"normal","alignment":"left","type_preset":"h4","font":"var(--font-body--family)","font_size":"","line_height":"normal","letter_spacing":"normal","case":"none","wrap":"pretty","color":"var(--color-foreground-heading)","background":false,"background_color":"#00000026","corner_radius":0,"padding-block-start":0,"padding-block-end":0,"padding-inline-start":0,"padding-inline-end":0},"blocks":{}},"product_list_button_MWeP9V":{"type":"_product-list-button","name":"t:names.product_list_button","settings":{"label":"View all","open_in_new_tab":false,"style_class":"link","width":"fit-content","custom_width":100,"width_mobile":"fit-content","custom_width_mobile":100},"blocks":{}}},"block_order":["product_list_text_YFtzcL","product_list_button_MWeP9V"]},"static-product-card":{"type":"_product-card","name":"t:names.product_card","static":true,"settings":{"product_card_gap":4,"inherit_color_scheme":true,"color_scheme":"","border":"none","border_width":1,"border_opacity":100,"border_radius":0,"padding-block-start":0,"padding-block-end":0,"padding-inline-start":0,"padding-inline-end":0},"blocks":{"product_card_gallery_677WP3":{"type":"_product-card-gallery","name":"t:names.product_card_media","settings":{"image_ratio":"adapt","border":"none","border_width":1,"border_opacity":100,"border_radius":0,"padding-block-start":0,"padding-block-end":0,"padding-inline-start":0,"padding-inline-end":0},"blocks":{}},"text_3dM9YM":{"type":"text","name":"t:names.text","settings":{"text":"<h6>CORE GAME<\/h6>","width":"fit-content","max_width":"normal","alignment":"left","type_preset":"rte","font":"var(--font-body--family)","font_size":"1rem","line_height":"normal","letter_spacing":"normal","case":"none","wrap":"pretty","color":"var(--color-foreground)","background":false,"background_color":"#00000026","corner_radius":0,"padding-block-start":10,"padding-block-end":0,"padding-inline-start":10,"padding-inline-end":0},"blocks":{}},"product_title_YXxMTj":{"type":"product-title","name":"t:names.product_title","settings":{"width":"100%","max_width":"normal","alignment":"left","type_preset":"h4","font":"var(--font-body--family)","font_size":"1rem","line_height":"normal","letter_spacing":"normal","case":"none","wrap":"pretty","color":"var(--color-foreground-heading)","background":false,"background_color":"#00000026","corner_radius":0,"padding-block-start":0,"padding-block-end":5,"padding-inline-start":10,"padding-inline-end":10},"blocks":{}},"price_JQzVV4":{"type":"price","name":"t:names.product_price","settings":{"show_sale_price_first":true,"show_installments":false,"show_tax_info":false,"type_preset":"h5","width":"100%","alignment":"left","font":"var(--font-body--family)","font_size":"1rem","line_height":"normal","letter_spacing":"normal","case":"none","color":"var(--color-foreground)","padding-block-start":0,"padding-block-end":20,"padding-inline-start":10,"padding-inline-end":10},"blocks":{}}},"block_order":["product_card_gallery_677WP3","text_3dM9YM","product_title_YXxMTj","price_JQzVV4"]}},"name":"Featured collection","settings":{"collection":"cthulhu-wars-1","layout_type":"carousel","carousel_on_mobile":false,"max_products":8,"columns":4,"mobile_columns":"2","mobile_card_size":"60cqw","columns_gap":16,"rows_gap":24,"icons_style":"arrow","icons_shape":"none","section_width":"page-width","horizontal_alignment":"flex-start","gap":28,"color_scheme":"scheme-1","padding-block-start":48,"padding-block-end":48}}},"order":["sliding_navigation_dqnjkk","slideshow_tyyT8H","collection_list_wtJanw","slideshow_RRCixV","section_HrYMJX","product_list_fa6P9H"]}