{"sections":{"175624985620f9bb5b":{"type":"_blocks","blocks":{"ai_gen_block_d5fbdf1_dBzeAp":{"type":"ai_gen_block_d5fbdf1","settings":{"home_text":"Home{{ closest.product.metafields.custom.game_category.value }}{{ closest.product.metafields.category.game_lines.value }}","separator":"\/","font_size":14,"spacing":8,"separator_size":14,"background_color":"#2513484a","link_color":"#504cf5e8","link_hover_color":"#ffffff","current_color":"#c2c2c2","separator_color":"#cccccc","padding_top":15,"padding_bottom":15},"blocks":{}}},"block_order":["ai_gen_block_d5fbdf1_dBzeAp"],"settings":{"content_direction":"column","vertical_on_mobile":true,"horizontal_alignment":"flex-start","vertical_alignment":"center","align_baseline":false,"horizontal_alignment_flex_direction_column":"flex-start","vertical_alignment_flex_direction_column":"center","gap":12,"section_width":"page-width","section_height":"","section_height_custom":50,"color_scheme":"scheme-dark","background_media":"none","video_position":"cover","background_image_position":"cover","border":"none","border_width":1,"border_opacity":100,"border_radius":0,"toggle_overlay":false,"overlay_color":"#00000026","overlay_style":"solid","gradient_direction":"to top","padding-block-start":100,"padding-block-end":0}},"main":{"type":"product-information","blocks":{"media-gallery":{"type":"_product-media-gallery","static":true,"settings":{"media_presentation":"grid","media_columns":"two","image_gap":4,"large_first_image":false,"icons_style":"none","slideshow_controls_style":"counter","slideshow_mobile_controls_style":"dots","thumbnail_position":"right","thumbnail_width":44,"aspect_ratio":"1","constrain_to_viewport":true,"media_fit":"contain","media_radius":16,"extend_media":false,"zoom":true,"video_loop":true,"hide_variants":true,"padding-block-start":20,"padding-block-end":20,"padding-inline-start":20,"padding-inline-end":20},"blocks":{}},"product-details":{"type":"_product-details","static":true,"settings":{"width":"fit-content","custom_width":100,"width_mobile":"fill","custom_width_mobile":100,"height":"fit","details_position":"flex-start","gap":28,"sticky_details_desktop":true,"inherit_color_scheme":true,"color_scheme":"scheme-1","background_media":"none","video_position":"cover","background_image_position":"cover","border":"none","border_width":1,"border_opacity":100,"border_radius":0,"padding-block-start":8,"padding-block-end":24,"padding-inline-start":0,"padding-inline-end":0},"blocks":{"group_icgrde":{"type":"group","name":"Header","settings":{"link":"","open_in_new_tab":false,"content_direction":"column","vertical_on_mobile":true,"horizontal_alignment":"flex-start","vertical_alignment":"center","align_baseline":false,"horizontal_alignment_flex_direction_column":"flex-start","vertical_alignment_flex_direction_column":"center","gap":12,"width":"fill","custom_width":100,"width_mobile":"fill","custom_width_mobile":100,"height":"fit","custom_height":100,"inherit_color_scheme":true,"color_scheme":"","background_media":"none","video_position":"cover","background_image_position":"cover","border":"none","border_width":1,"border_opacity":100,"border_radius":0,"placeholder":"","toggle_overlay":false,"overlay_color":"#00000026","overlay_style":"solid","gradient_direction":"to top","padding-block-start":80,"padding-block-end":0,"padding-inline-start":0,"padding-inline-end":0},"blocks":{"text_DhCjYU":{"type":"text","name":"t:names.text","disabled":true,"settings":{"text":"<h4><strong>Planet Apocalypse<\/strong><\/h4><p>{{ closest.product.metafields.category.game_lines.value }}<\/p><h5>CORE GAME<\/h5>","width":"fit-content","max_width":"normal","alignment":"left","type_preset":"rte","font":"var(--font-body--family)","font_size":"1rem","line_height":"normal","letter_spacing":"normal","case":"none","wrap":"pretty","color":"var(--color-foreground)","background":false,"background_color":"#00000026","corner_radius":0,"padding-block-start":0,"padding-block-end":0,"padding-inline-start":0,"padding-inline-end":0},"blocks":{}},"text_WYXPzV":{"type":"text","name":"t:names.text","settings":{"text":"","width":"fit-content","max_width":"normal","alignment":"left","type_preset":"rte","font":"var(--font-body--family)","font_size":"1rem","line_height":"normal","letter_spacing":"normal","case":"none","wrap":"pretty","color":"var(--color-foreground)","background":false,"background_color":"#00000026","corner_radius":0,"padding-block-start":0,"padding-block-end":0,"padding-inline-start":0,"padding-inline-end":0},"blocks":{}},"text_Bpy8Xg":{"type":"text","name":"t:names.text","settings":{"text":"<p>{{ closest.product.metafields.details.game_type.value }}<\/p>","width":"fit-content","max_width":"normal","alignment":"left","type_preset":"h6","font":"var(--font-body--family)","font_size":"1rem","line_height":"normal","letter_spacing":"normal","case":"none","wrap":"pretty","color":"var(--color-foreground)","background":true,"background_color":"#504cf5e8","corner_radius":20,"padding-block-start":2,"padding-block-end":2,"padding-inline-start":2,"padding-inline-end":2},"blocks":{}},"product_title_eYVzTU":{"type":"product-title","name":"t:names.title","settings":{"width":"fit-content","max_width":"normal","alignment":"left","type_preset":"h2","font":"var(--font-body--family)","font_size":"1rem","line_height":"normal","letter_spacing":"normal","case":"none","wrap":"pretty","color":"var(--color-foreground-heading)","background":true,"background_color":"#00000026","corner_radius":0,"padding-block-start":20,"padding-block-end":0,"padding-inline-start":0,"padding-inline-end":0},"blocks":{}},"price_tVjtKg":{"type":"price","settings":{"show_sale_price_first":true,"show_installments":false,"show_tax_info":false,"type_preset":"custom","width":"100%","alignment":"left","font":"var(--font-body--family)","font_size":"1.125rem","line_height":"normal","letter_spacing":"normal","case":"none","color":"var(--color-foreground)","padding-block-start":4,"padding-block-end":0,"padding-inline-start":0,"padding-inline-end":0},"blocks":{}}},"block_order":["text_DhCjYU","text_WYXPzV","text_Bpy8Xg","product_title_eYVzTU","price_tVjtKg"]},"divider_VJhene":{"type":"_divider","name":"t:names.divider","settings":{"thickness":1,"corner_radius":"square","width_percent":100,"padding-block-start":0,"padding-block-end":0},"blocks":{}},"variant_picker_R3rGDr":{"type":"variant-picker","settings":{"variant_style":"buttons","show_swatches":false,"alignment":"left","padding-block-start":0,"padding-block-end":0,"padding-inline-start":0,"padding-inline-end":0},"blocks":{}},"buy_buttons_eYQEYi":{"type":"buy-buttons","settings":{"stacking":true,"show_pickup_availability":true,"gift_card_form":true,"padding-block-start":0,"padding-block-end":0,"padding-inline-start":0,"padding-inline-end":0},"blocks":{"quantity":{"type":"quantity","static":true,"settings":{},"blocks":{}},"add-to-cart":{"type":"add-to-cart","static":true,"settings":{"style_class":"button"},"blocks":{}},"accelerated-checkout":{"type":"accelerated-checkout","disabled":true,"static":true,"settings":{},"blocks":{}}},"block_order":[]},"text_aEtTtq":{"type":"text","name":"Product description","settings":{"text":"<h6><strong>DESCRIPTION<\/strong><\/h6>{{ closest.product.description }}","width":"100%","max_width":"none","alignment":"left","type_preset":"paragraph","font":"var(--font-primary--family)","font_size":"","line_height":"normal","letter_spacing":"normal","case":"none","wrap":"pretty","color":"var(--color-foreground)","background":false,"background_color":"#00000026","corner_radius":0,"padding-block-start":0,"padding-block-end":0,"padding-inline-start":0,"padding-inline-end":0},"blocks":{}},"accordion_QEn89A":{"type":"accordion","name":"t:names.accordion","settings":{"icon":"caret","dividers":true,"type_preset":"h6","inherit_color_scheme":true,"color_scheme":"","border":"none","border_width":1,"border_opacity":100,"border_radius":0,"padding-block-start":0,"padding-block-end":0,"padding-inline-start":0,"padding-inline-end":0},"blocks":{"accordion_row_AJG8hn":{"type":"_accordion-row","settings":{"heading":"Return policy","open_by_default":true,"icon":"none","image_upload":"shopify:\/\/shop_images\/1-02.svg","width":20},"blocks":{"text_UYig8X":{"type":"text","settings":{"text":"<p>Our goal is for every customer to be totally satisfied with their purchase. If this isn't the case, let us know and we'll do our best to work with you to make it right.<\/p>","width":"100%","max_width":"normal","alignment":"left","type_preset":"paragraph","font":"var(--font-body--family)","font_size":"1rem","line_height":"normal","letter_spacing":"normal","case":"none","wrap":"pretty","color":"var(--color-foreground)","background":false,"background_color":"#00000026","corner_radius":0,"padding-block-start":0,"padding-block-end":0,"padding-inline-start":0,"padding-inline-end":0},"blocks":{}}},"block_order":["text_UYig8X"]},"accordion_row_9Gd7En":{"type":"_accordion-row","settings":{"heading":"Shipping","open_by_default":false,"icon":"none","image_upload":"shopify:\/\/shop_images\/1-01.svg","width":20},"blocks":{"text_eCTY6M":{"type":"text","settings":{"text":"<p>We will work quickly to ship your order as soon as possible. Once your order has shipped, you will receive an email with further information. Delivery times vary depending on your location.<\/p>","width":"100%","max_width":"normal","alignment":"left","type_preset":"rte","font":"var(--font-body--family)","font_size":"1rem","line_height":"normal","letter_spacing":"normal","case":"none","wrap":"pretty","color":"var(--color-foreground)","background":false,"background_color":"#00000026","corner_radius":0,"padding-block-start":0,"padding-block-end":0,"padding-inline-start":0,"padding-inline-end":0},"blocks":{}}},"block_order":["text_eCTY6M"]},"accordion_row_7YVjr7":{"type":"_accordion-row","settings":{"heading":"Manufacturing","open_by_default":false,"icon":"none","image_upload":"shopify:\/\/shop_images\/1-08.svg","width":20},"blocks":{"text_kBBaD4":{"type":"text","settings":{"text":"<p>Our products are manufactured both locally and globally. We carefully select our manufacturing partners to ensure our products are high quality and a fair value.<\/p>","width":"100%","max_width":"normal","alignment":"left","type_preset":"rte","font":"var(--font-body--family)","font_size":"1rem","line_height":"normal","letter_spacing":"normal","case":"none","wrap":"pretty","color":"var(--color-foreground)","background":false,"background_color":"#00000026","corner_radius":0,"padding-block-start":0,"padding-block-end":0,"padding-inline-start":0,"padding-inline-end":0},"blocks":{}}},"block_order":["text_kBBaD4"]}},"block_order":["accordion_row_AJG8hn","accordion_row_9Gd7En","accordion_row_7YVjr7"]}},"block_order":["group_icgrde","divider_VJhene","variant_picker_R3rGDr","buy_buttons_eYQEYi","text_aEtTtq","accordion_QEn89A"]}},"settings":{"content_width":"content-center-aligned","desktop_media_position":"left","equal_columns":true,"limit_details_width":false,"gap":16,"color_scheme":"","padding-block-start":80,"padding-block-end":100}},"petersen_core_game_hero_XHiDL4":{"type":"petersen-core-game-hero","name":"Core Game Hero","settings":{"show_title":true,"title":"Explore the Game Universe","subtitle":"Dive deeper into the cosmic horror experience with comprehensive guides, resources, and expansions.","gameplay_icon":"shopify:\/\/shop_images\/1-02.svg","downloads_icon":"shopify:\/\/shop_images\/1-02.svg","expansions_icon":"shopify:\/\/shop_images\/1-02.svg","tab_icon_width":24,"tab_font_size":"14px","tab_font_weight":"500","mobile_tab_font_size":"13px","mobile_title_size":"1.5rem","mobile_content_size":"14px","show_rules":true,"rules_title":"Rules & Setup","rules_heading":"Getting Started","rules_content":"Master the fundamentals of cosmic horror gaming with our comprehensive rules and setup guide.","rules_video_url":"","rules_blog_link":"","rules_blog_excerpt":"Read our comprehensive setup guide with tips from veteran players.","rules_pdf_link":"","rules_reference_link":"","rules_faq_link":"","show_gameplay":true,"gameplay_title":"Gameplay","gameplay_heading":"How to Play","gameplay_content":"Discover the strategic depth and cosmic horror mechanics that make this game unique.","gameplay_video_url":"","gameplay_blog_link":"","gameplay_blog_excerpt":"Learn advanced strategies and tactics from tournament players.","gameplay_overview_link":"","strategy_guide_link":"","gameplay_tips_link":"","show_downloads":true,"downloads_title":"Downloads","downloads_heading":"Downloads & Resources","downloads_content":"Access all the resources you need including rules, references, and bonus content.","download_1_title":"Official Rulebook","download_1_description":"Complete rules and setup instructions in PDF format.","download_1_url":"","download_2_title":"Quick Reference","download_2_description":"Handy reference card for gameplay mechanics.","download_2_url":"","download_3_title":"Bonus Content","download_3_description":"Additional scenarios and game variants.","download_3_url":"","downloads_blog_link":"","downloads_blog_excerpt":"Explore our complete library of game resources and community content.","popular_1_title":"Player's Guide","popular_1_url":"","popular_2_title":"Strategy Cards","popular_2_url":"","popular_3_title":"Scenario Pack","popular_3_url":"","show_expansions":true,"expansions_title":"Expansions","expansions_heading":"Expand Your Universe","expansions_content":"Discover new realms, factions, and gameplay mechanics with our expansion collection.","expansions_video_url":"","expansions_blog_link":"","expansions_blog_excerpt":"Learn about upcoming expansions and how they enhance gameplay.","expansions_guide_link":"","compatibility_link":"","expansions_shop_link":"","total_expansions":"5+","latest_expansion":"2024","margin_top":60,"margin_bottom":60}},"petersen_product_newsletter_hVkhLR":{"type":"petersen-product-newsletter","name":"Product Newsletter","settings":{"stl_image_alt":"Free STL miniature preview","show_free_badge":true,"free_badge_text":"FREE","show_title":true,"title":"Stay in the Cosmic Loop","subtitle":"Get exclusive updates on new releases, expansions, and cosmic events from the Petersen Games universe.","email_placeholder":"Enter your email to receive updates","button_text":"Join the Cult","custom_icon_url":"","show_privacy_note":true,"privacy_text":"We respect your privacy. Unsubscribe anytime.","show_benefits":true,"benefit_1":"Early access to new releases","benefit_2":"Exclusive insider content","benefit_3":"Special member discounts","margin_top":40,"margin_bottom":40}},"section_ErBwPn":{"type":"section","blocks":{"group_RhAWht":{"type":"group","name":"Column","settings":{"link":"","open_in_new_tab":false,"content_direction":"column","vertical_on_mobile":true,"horizontal_alignment":"flex-start","vertical_alignment":"center","align_baseline":false,"horizontal_alignment_flex_direction_column":"flex-start","vertical_alignment_flex_direction_column":"flex-start","gap":8,"width":"fill","custom_width":100,"width_mobile":"fill","custom_width_mobile":100,"height":"fit","custom_height":100,"inherit_color_scheme":true,"color_scheme":"","background_media":"none","video_position":"cover","background_image_position":"cover","border":"none","border_width":1,"border_opacity":100,"border_radius":0,"placeholder":"","toggle_overlay":false,"overlay_color":"#00000026","overlay_style":"solid","gradient_direction":"to top","padding-block-start":10,"padding-block-end":0,"padding-inline-start":0,"padding-inline-end":0},"blocks":{"video_4zEDMA":{"type":"video","name":"t:names.video","settings":{"source":"url","video_url":"https:\/\/vimeo.com\/1112154466","video_autoplay":true,"video_loop":true,"alt":"","custom_width":100,"custom_width_mobile":100,"aspect_ratio":"16\/9","border":"none","border_width":1,"border_opacity":100,"border_radius":0,"padding-block-start":0,"padding-block-end":0,"padding-inline-start":0,"padding-inline-end":0},"blocks":{}}},"block_order":["video_4zEDMA"]},"group_XiQGwp":{"type":"group","name":"Column","settings":{"link":"","open_in_new_tab":false,"content_direction":"column","vertical_on_mobile":true,"horizontal_alignment":"flex-start","vertical_alignment":"center","align_baseline":false,"horizontal_alignment_flex_direction_column":"flex-start","vertical_alignment_flex_direction_column":"flex-start","gap":8,"width":"fill","custom_width":100,"width_mobile":"fill","custom_width_mobile":100,"height":"fit","custom_height":100,"inherit_color_scheme":true,"color_scheme":"","background_media":"none","video_position":"cover","background_image_position":"cover","border":"none","border_width":1,"border_opacity":100,"border_radius":0,"placeholder":"","toggle_overlay":false,"overlay_color":"#00000026","overlay_style":"solid","gradient_direction":"to top","padding-block-start":10,"padding-block-end":0,"padding-inline-start":0,"padding-inline-end":0},"blocks":{"image_jJcbJN":{"type":"image","name":"t:names.image","settings":{"image":"shopify:\/\/shop_images\/HS_Logo_Centered-2000px.png","link":"","image_ratio":"adapt","width":"fill","custom_width":100,"width_mobile":"fill","custom_width_mobile":100,"height":"fit","border":"none","border_width":1,"border_opacity":100,"border_radius":0,"padding-block-start":0,"padding-block-end":0,"padding-inline-start":0,"padding-inline-end":0},"blocks":{}},"text_eytpPB":{"type":"text","name":"t:names.text","settings":{"text":"<p>Take a look behind the scenes of Hyperspace, our latest product launch.<\/p>","width":"fit-content","max_width":"normal","alignment":"left","type_preset":"custom","font":"var(--font-body--family)","font_size":"1rem","line_height":"normal","letter_spacing":"normal","case":"none","wrap":"pretty","color":"var(--color-foreground)","background":false,"background_color":"#00000026","corner_radius":0,"padding-block-start":0,"padding-block-end":0,"padding-inline-start":0,"padding-inline-end":0},"blocks":{}},"divider_3TWmfz":{"type":"_divider","name":"t:names.divider","settings":{"thickness":1,"corner_radius":"square","width_percent":100,"padding-block-start":10,"padding-block-end":10},"blocks":{}},"button_9dAtzc":{"type":"button","name":"t:names.button","settings":{"label":"Discover Hyperspace","link":"shopify:\/\/collections\/hyperspace-standard-edition-complete","open_in_new_tab":false,"style_class":"button-secondary","width":"fit-content","custom_width":100,"width_mobile":"fit-content","custom_width_mobile":100},"blocks":{}}},"block_order":["image_jJcbJN","text_eytpPB","divider_3TWmfz","button_9dAtzc"]}},"block_order":["group_RhAWht","group_XiQGwp"],"name":"t:names.multicolumn","settings":{"content_direction":"row","vertical_on_mobile":true,"horizontal_alignment":"flex-start","vertical_alignment":"flex-start","align_baseline":false,"horizontal_alignment_flex_direction_column":"flex-start","vertical_alignment_flex_direction_column":"center","gap":16,"section_width":"page-width","section_height":"","section_height_custom":50,"color_scheme":"","background_media":"none","video_position":"cover","background_image_position":"cover","border":"none","border_width":1,"border_opacity":100,"border_radius":16,"toggle_overlay":false,"overlay_color":"#00000026","overlay_style":"solid","gradient_direction":"to top","padding-block-start":48,"padding-block-end":48}},"divider_PLJkJ8":{"type":"divider","name":"t:names.divider_section","settings":{"color_scheme":"","section_width":"full-width","thickness":1,"corner_radius":"square","width_percent":100,"alignment_horizontal":"center","padding-block-start":16,"padding-block-end":16}},"product_recommendations_qggXJq":{"type":"product-recommendations","blocks":{"text_cbcgyb":{"type":"text","name":"t:names.header","settings":{"text":"<h3>Cultists Love...<\/h3>","width":"fit-content","max_width":"normal","alignment":"left","type_preset":"paragraph","font":"var(--font-primary--family)","font_size":"","line_height":"normal","letter_spacing":"normal","case":"none","wrap":"pretty","color":"","background":false,"background_color":"#00000026","corner_radius":0,"padding-block-start":0,"padding-block-end":0,"padding-inline-start":0,"padding-inline-end":0},"blocks":{}},"static-product-card":{"type":"_product-card","name":"t:names.product_card","static":true,"settings":{"product_card_gap":8,"inherit_color_scheme":true,"color_scheme":"","border":"none","border_width":1,"border_opacity":100,"border_radius":0,"padding-block-start":0,"padding-block-end":8,"padding-inline-start":0,"padding-inline-end":0},"blocks":{"product_card_gallery_DNizbJ":{"type":"_product-card-gallery","name":"t:names.product_card_media","settings":{"image_ratio":"adapt","border":"none","border_width":1,"border_opacity":100,"border_radius":0,"padding-block-start":0,"padding-block-end":0,"padding-inline-start":0,"padding-inline-end":0},"blocks":{}},"text_8DKEqm":{"type":"text","name":"t:names.text","settings":{"text":"<h5><strong>Cthulhu Wars<\/strong><\/h5>","width":"fit-content","max_width":"normal","alignment":"left","type_preset":"h5","font":"var(--font-body--family)","font_size":"1rem","line_height":"normal","letter_spacing":"normal","case":"none","wrap":"pretty","color":"var(--color-foreground)","background":false,"background_color":"#00000026","corner_radius":0,"padding-block-start":10,"padding-block-end":0,"padding-inline-start":20,"padding-inline-end":20},"blocks":{}},"product_title_M7MJkb":{"type":"product-title","name":"t:names.product_title","settings":{"width":"100%","max_width":"normal","alignment":"left","type_preset":"h4","font":"var(--font-body--family)","font_size":"1rem","line_height":"normal","letter_spacing":"normal","case":"none","wrap":"pretty","color":"var(--color-foreground-heading)","background":false,"background_color":"#00000026","corner_radius":0,"padding-block-start":0,"padding-block-end":0,"padding-inline-start":20,"padding-inline-end":0},"blocks":{}},"price_gLWgA6":{"type":"price","settings":{"show_sale_price_first":true,"show_installments":false,"show_tax_info":false,"type_preset":"h6","width":"100%","alignment":"left","font":"var(--font-body--family)","font_size":"1rem","line_height":"normal","letter_spacing":"normal","case":"none","color":"var(--color-foreground)","padding-block-start":0,"padding-block-end":20,"padding-inline-start":20,"padding-inline-end":0},"blocks":{}}},"block_order":["product_card_gallery_DNizbJ","text_8DKEqm","product_title_M7MJkb","price_gLWgA6"]}},"block_order":["text_cbcgyb"],"name":"t:names.product_recommendations","settings":{"product":"{{ closest.product }}","recommendation_type":"related","layout_type":"grid","carousel_on_mobile":false,"max_products":4,"columns":4,"mobile_columns":"2","columns_gap":12,"rows_gap":24,"icons_style":"arrow","icons_shape":"none","section_width":"page-width","gap":28,"color_scheme":"scheme-1","padding-block-start":48,"padding-block-end":48}}},"order":["175624985620f9bb5b","main","petersen_core_game_hero_XHiDL4","petersen_product_newsletter_hVkhLR","section_ErBwPn","divider_PLJkJ8","product_recommendations_qggXJq"]}