{
  "current": {
    "type_body_font": "inter_n4",
    "type_subheading_font": "inter_n5",
    "type_heading_font": "inter_n6",
    "type_accent_font": "inter_n5",
    "type_size_paragraph": "16",
    "type_line_height_paragraph": "body-normal",
    "type_font_h1": "heading",
    "type_size_h1": "48",
    "type_line_height_h1": "heading-tight",
    "type_letter_spacing_h1": "heading-tight",
    "type_case_h1": "none",
    "type_font_h2": "heading",
    "type_size_h2": "36",
    "type_line_height_h2": "heading-tight",
    "type_letter_spacing_h2": "heading-tight",
    "type_case_h2": "none",
    "type_font_h3": "heading",
    "type_size_h3": "28",
    "type_line_height_h3": "heading-normal",
    "type_letter_spacing_h3": "heading-tight",
    "type_case_h3": "none",
    "type_font_h4": "heading",
    "type_size_h4": "20",
    "type_line_height_h4": "heading-normal",
    "type_letter_spacing_h4": "heading-tight",
    "type_font_h5": "subheading",
    "type_size_h5": "16",
    "type_line_height_h5": "heading-normal",
    "type_font_h6": "subheading",
    "type_size_h6": "14",
    "type_line_height_h6": "heading-normal",
    "page_width": "wide",
    "badge_position": "top-right",
    "badge_corner_radius": 8,
    "badge_sale_color_scheme": "scheme-dark",
    "badge_sold_out_color_scheme": "scheme-accent",
    "badge_text_transform": "none",
    "primary_button_border_width": 0,
    "button_border_radius_primary": 8,
    "secondary_button_border_width": 1,
    "button_border_radius_secondary": 8,
    "cart_type": "page",
    "cart_price_font": "heading",
    "show_cart_note": false,
    "show_add_discount_code": true,
    "drawer_color_scheme": "scheme-dark",
    "drawer_drop_shadow": true,
    "icon_stroke": "default",
    "input_border_width": 1,
    "inputs_border_radius": 8,
    "popover_border_radius": 12,
    "popover_border": "none",
    "currency_code_enabled_product_pages": true,
    "currency_code_enabled_product_cards": false,
    "currency_code_enabled_cart_items": false,
    "product_corner_radius": 12,
    "card_corner_radius": 12,
    "show_variant_image": false,
    "variant_swatch_width": 40,
    "variant_swatch_height": 40,
    "variant_swatch_radius": 8,
    "variant_button_border_width": 1,
    "variant_button_radius": 8,
    "variant_button_width": "equal-width-buttons",
    "button_font_weight_secondary": "default",
    "content_for_index": [],
    "color_schemes": {
      "scheme-dark": {
        "settings": {
          "background": "#0a0a0a",
          "foreground_heading": "#ffffffe6",
          "foreground": "#ffffffb8",
          "primary": "#CC0000",
          "primary_hover": "#761616",
          "border": "#ffffff12",
          "shadow": "#000000",
          "primary_button_background": "#CC0000",
          "primary_button_text": "#ffffff",
          "primary_button_border": "#CC0000",
          "primary_button_hover_background": "#761616",
          "primary_button_hover_text": "#ffffff",
          "primary_button_hover_border": "#761616",
          "secondary_button_background": "rgba(255, 255, 255, 0.08)",
          "secondary_button_text": "#ffffffd9",
          "secondary_button_border": "rgba(255, 255, 255, 0.12)",
          "secondary_button_hover_background": "rgba(255, 255, 255, 0.12)",
          "secondary_button_hover_text": "#ffffff",
          "secondary_button_hover_border": "rgba(255, 255, 255, 0.2)",
          "input_background": "rgba(255, 255, 255, 0.05)",
          "input_text_color": "#ffffffed",
          "input_border_color": "rgba(255, 255, 255, 0.12)",
          "input_hover_background": "rgba(255, 255, 255, 0.08)",
          "variant_background_color": "rgba(255, 255, 255, 0.05)",
          "variant_text_color": "#ffffffd9",
          "variant_border_color": "rgba(255, 255, 255, 0.12)",
          "variant_hover_background_color": "rgba(255, 255, 255, 0.1)",
          "variant_hover_text_color": "#ffffff",
          "variant_hover_border_color": "rgba(255, 255, 255, 0.2)",
          "selected_variant_background_color": "#007aff",
          "selected_variant_text_color": "#ffffff",
          "selected_variant_border_color": "#007aff",
          "selected_variant_hover_background_color": "#0063cc",
          "selected_variant_hover_text_color": "#ffffff",
          "selected_variant_hover_border_color": "#0063cc"
        }
      },
      "scheme-light": {
        "settings": {
          "background": "#ffffff",
          "foreground_heading": "#1a1a1a",
          "foreground": "#3a3a3ad9",
          "primary": "#CC0000",
          "primary_hover": "#9a0000",
          "border": "#0000001a",
          "shadow": "#000000",
          "primary_button_background": "#CC0000",
          "primary_button_text": "#ffffff",
          "primary_button_border": "#CC0000",
          "primary_button_hover_background": "#9a0000",
          "primary_button_hover_text": "#ffffff",
          "primary_button_hover_border": "#9a0000",
          "secondary_button_background": "#f5f5f5",
          "secondary_button_text": "#1a1a1a",
          "secondary_button_border": "#e6e6e6",
          "secondary_button_hover_background": "#ebebeb",
          "secondary_button_hover_text": "#1a1a1a",
          "secondary_button_hover_border": "#d1d1d1",
          "input_background": "#ffffff",
          "input_text_color": "#1a1a1a",
          "input_border_color": "#d1d1d1",
          "input_hover_background": "#f9f9f9",
          "variant_background_color": "#ffffff",
          "variant_text_color": "#1a1a1a",
          "variant_border_color": "#d1d1d1",
          "variant_hover_background_color": "#f5f5f5",
          "variant_hover_text_color": "#1a1a1a",
          "variant_hover_border_color": "#b8b8b8",
          "selected_variant_background_color": "#007aff",
          "selected_variant_text_color": "#ffffff",
          "selected_variant_border_color": "#007aff",
          "selected_variant_hover_background_color": "#0063cc",
          "selected_variant_hover_text_color": "#ffffff",
          "selected_variant_hover_border_color": "#0063cc"
        }
      },
      "scheme-accent": {
        "settings": {
          "background": "#161616",
          "foreground_heading": "#ffffffe6",
          "foreground": "#ffffffb8",
          "primary": "#007aff",
          "primary_hover": "#0063cc",
          "border": "#ffffff1a",
          "shadow": "#000000",
          "primary_button_background": "#007aff",
          "primary_button_text": "#ffffff",
          "primary_button_border": "#007aff",
          "primary_button_hover_background": "#0063cc",
          "primary_button_hover_text": "#ffffff",
          "primary_button_hover_border": "#0063cc",
          "secondary_button_background": "rgba(255, 255, 255, 0.08)",
          "secondary_button_text": "#ffffffd9",
          "secondary_button_border": "rgba(255, 255, 255, 0.15)",
          "secondary_button_hover_background": "rgba(255, 255, 255, 0.12)",
          "secondary_button_hover_text": "#ffffff",
          "secondary_button_hover_border": "rgba(255, 255, 255, 0.25)",
          "input_background": "rgba(255, 255, 255, 0.06)",
          "input_text_color": "#ffffffed",
          "input_border_color": "rgba(255, 255, 255, 0.15)",
          "input_hover_background": "rgba(255, 255, 255, 0.08)",
          "variant_background_color": "rgba(255, 255, 255, 0.06)",
          "variant_text_color": "#ffffffd9",
          "variant_border_color": "rgba(255, 255, 255, 0.15)",
          "variant_hover_background_color": "rgba(255, 255, 255, 0.12)",
          "variant_hover_text_color": "#ffffff",
          "variant_hover_border_color": "rgba(255, 255, 255, 0.3)",
          "selected_variant_background_color": "#007aff",
          "selected_variant_text_color": "#ffffff",
          "selected_variant_border_color": "#007aff",
          "selected_variant_hover_background_color": "#0063cc",
          "selected_variant_hover_text_color": "#ffffff",
          "selected_variant_hover_border_color": "#0063cc"
        }
      }
    },
    "platform_customizations": {
      "custom_css": []
    }
  }
}
