{"type":"header","name":"Header","sections":{"header_announcements_9jGBFp":{"type":"header-announcements","blocks":{"announcement_BxgCk9":{"type":"_announcement","settings":{"text":"Welcome to our store","link":"","font":"var(--font-subheading--family)","font_size":"0.75rem","weight":"","letter_spacing":"normal","case":"none"},"blocks":{}}},"block_order":["announcement_BxgCk9"],"disabled":true,"name":"t:names.announcement_bar","settings":{"speed":5,"section_width":"page-width","color_scheme":"scheme-1","divider_width":1,"padding-block-start":15,"padding-block-end":15}},"header_section":{"type":"header","blocks":{"header-logo":{"type":"_header-logo","static":true,"settings":{"hide_logo_on_home_page":false,"custom_height":36,"custom_height_mobile":28,"padding-block-start":0,"padding-block-end":0,"padding-inline-start":0,"padding-inline-end":0},"blocks":{}},"header-menu":{"type":"_header-menu","static":true,"settings":{"menu":"main-menu","menu_style":"featured_products","featured_products_aspect_ratio":"4 \/ 5","featured_collections_aspect_ratio":"16 \/ 9","image_border_radius":0,"product_title_case":"default","collection_title_case":"default","color_scheme":"","menu_font_style":"inverse","type_font_primary_link":"body","type_font_primary_size":"0.875rem","type_case_primary_link":"none","type_font_secondary_link":"body","type_case_secondary_link":"none","type_font_tertiary_link":"body","type_case_tertiary_link":"none","navigation_bar":false,"color_scheme_navigation_bar":"","drawer_accordion":false,"drawer_accordion_expand_first":false,"drawer_dividers":false},"blocks":{}}},"disabled":true,"settings":{"logo_position":"left","menu_position":"left","menu_row":"top","show_search":true,"search_position":"right","search_row":"top","show_country":true,"country_selector_style":false,"show_language":true,"localization_font":"heading","localization_font_size":"0.875rem","localization_position":"right","localization_row":"top","section_width":"full-width","section_height":"standard","enable_sticky_header":"always","divider_width":0,"divider_size":"page-width","border_width":0,"color_scheme_top":"scheme-1","color_scheme_bottom":"","color_scheme_transparent":"scheme-6","enable_transparent_header_home":false,"home_color_scheme":"inverse","enable_transparent_header_product":false,"product_color_scheme":"default","enable_transparent_header_collection":false,"collection_color_scheme":"default"}},"glass_top_header_hN3jh9":{"type":"glass-top-header","blocks":{"menu_item_mG7tDR":{"type":"menu_item","settings":{"title":"Games","link":"\/collections\/all","is_active":true}},"menu_item_PgfaqK":{"type":"menu_item","settings":{"title":"Miniatures","link":"\/collections\/miniatures","is_active":false}},"menu_item_CatBC8":{"type":"menu_item","settings":{"title":"Expansions","link":"\/collections\/expansions","is_active":false}}},"block_order":["menu_item_mG7tDR","menu_item_PgfaqK","menu_item_CatBC8"],"name":"Glass Top Header","settings":{"logo":"shopify:\/\/shop_images\/PetersenGames-logo.png","show_account":true,"mobile_header_behavior":"hide_reveal"}},"sliding_navigation_KX8ewb":{"type":"sliding-navigation","blocks":{"nav_tab_Ng4iJK":{"type":"nav_tab","settings":{"title":"New! Hyperspace","link":"shopify:\/\/collections\/hyperspace-standard-edition-complete","is_active":false}},"nav_tab_zwzVTa":{"type":"nav_tab","settings":{"title":"Sandy's Games","link":"\/collections\/sandys-games","is_active":false}},"nav_tab_PFtgWp":{"type":"nav_tab","settings":{"title":"Larval Games","link":"\/collections\/larval-games","is_active":false}},"nav_tab_rHjgLh":{"type":"nav_tab","settings":{"title":"Cthulhu Wars","link":"shopify:\/\/collections\/cthulhu-wars-1","is_active":false}},"nav_tab_xbKGM8":{"type":"nav_tab","settings":{"title":"Planet Apocalypse","link":"shopify:\/\/collections\/planet-apocalypse","is_active":false}},"nav_tab_BacQY4":{"type":"nav_tab","settings":{"title":"Miniatures","link":"\/collections\/miniatures","is_active":false}},"nav_tab_HXHTwV":{"type":"nav_tab","settings":{"title":"All Games","link":"\/collections\/all","is_active":false}}},"block_order":["nav_tab_Ng4iJK","nav_tab_zwzVTa","nav_tab_PFtgWp","nav_tab_rHjgLh","nav_tab_xbKGM8","nav_tab_BacQY4","nav_tab_HXHTwV"],"name":"Sliding Navigation","settings":{"show_on_mobile":true}},"glass_filter_bar_PFi4pA":{"type":"glass-filter-bar","disabled":true,"name":"Glass Filter Bar","settings":{"enable_sort":true,"enable_view_toggle":true,"show_results_count":true,"enable_mobile_toggle":true}}},"order":["header_announcements_9jGBFp","header_section","glass_top_header_hN3jh9","sliding_navigation_KX8ewb","glass_filter_bar_PFi4pA"]}