{"sections":{"blog-hero":{"type":"petersen-blog-hero","settings":{"show_featured_media":true,"show_related_categories":true,"margin_top":20,"margin_bottom":0}},"main-content":{"type":"main-blog-post","blocks":{"blog-post-content":{"type":"_blog-post-content","static":true,"settings":{}}},"settings":{"content_direction":"column","gap":32,"color_scheme":"","padding-block-start":40,"padding-block-end":40}},"blog-slideshow":{"type":"petersen-blog-slideshow","blocks":{"slide-1":{"type":"image_slide","settings":{"show_overlay":true,"slide_title":"Visual Story Element","slide_content":"<p>Add compelling visual content to enhance your narrative.<\/p>"}},"slide-2":{"type":"narrative_slide","settings":{"slide_title":"Behind the Scenes","slide_content":"<p>Share the development process and creative insights.<\/p>","highlight_quote":"Every game tells a story that extends beyond the table."}}},"block_order":["slide-1","slide-2"],"settings":{"show_title":true,"title":"Visual Journey","subtitle":"Explore the story through images and narrative","margin_top":0,"margin_bottom":0}},"engagement-hub":{"type":"petersen-blog-engagement","settings":{"show_tags_section":true,"show_sharing":true,"show_related_posts":true,"show_newsletter":true,"newsletter_text":"<p>Join thousands of gamers and creators who get exclusive insights, early access to new content, and behind-the-scenes updates from the Petersen Games universe.<\/p>","placeholder_text":"Enter your email for gaming insights","button_text":"Join Community","margin_top":0,"margin_bottom":40}}},"order":["blog-hero","main-content","blog-slideshow","engagement-hub"]}