{"current":{"type_body_font":"inter_n3","type_subheading_font":"inter_n5","type_heading_font":"inter_n7","type_accent_font":"inter_n5","type_size_paragraph":"16","type_line_height_paragraph":"body-tight","type_font_h1":"accent","type_size_h1":"32","type_line_height_h1":"display-tight","type_letter_spacing_h1":"heading-tight","type_case_h1":"none","type_font_h2":"heading","type_size_h2":"24","type_line_height_h2":"display-tight","type_letter_spacing_h2":"heading-tight","type_case_h2":"none","type_font_h3":"heading","type_size_h3":"20","type_line_height_h3":"display-tight","type_letter_spacing_h3":"heading-tight","type_case_h3":"none","type_font_h4":"heading","type_size_h4":"18","type_line_height_h4":"display-tight","type_letter_spacing_h4":"heading-tight","type_font_h5":"subheading","type_size_h5":"14","type_line_height_h5":"display-loose","type_font_h6":"subheading","type_size_h6":"12","type_line_height_h6":"display-loose","page_width":"narrow","badge_position":"top-right","badge_corner_radius":100,"badge_sale_color_scheme":"scheme-dark","badge_sold_out_color_scheme":"scheme-accent","badge_text_transform":"none","primary_button_border_width":0,"button_border_radius_primary":12,"secondary_button_border_width":1,"button_border_radius_secondary":12,"button_font_weight_secondary":"default","cart_type":"page","cart_price_font":"secondary","show_cart_note":false,"show_add_discount_code":true,"drawer_color_scheme":"scheme-dark","drawer_drop_shadow":true,"icon_stroke":"default","input_border_width":1,"inputs_border_radius":8,"popover_border_radius":12,"popover_border":"none","currency_code_enabled_product_pages":true,"currency_code_enabled_product_cards":false,"currency_code_enabled_cart_items":false,"product_corner_radius":12,"card_corner_radius":12,"show_variant_image":false,"variant_swatch_width":34,"variant_swatch_height":34,"variant_swatch_radius":32,"variant_button_border_width":1,"variant_button_radius":12,"variant_button_width":"equal-width-buttons","content_for_index":[],"color_schemes":{"scheme-dark":{"settings":{"background":"#0a0a0a","foreground_heading":"#ffffff","foreground":"#ffffffb0","primary":"#ffffff9e","primary_hover":"#f0f0f0","border":"#ffffff1a","shadow":"#000000","primary_button_background":"#504cf5e8","primary_button_text":"#ffffff","primary_button_border":"{{ shop.brand.colors.primary[0].background }}","primary_button_hover_background":"#f0f0f0","primary_button_hover_text":"#ffffff","primary_button_hover_border":"#f0f0f0","secondary_button_background":"#ffffff0f","secondary_button_text":"#ffffff","secondary_button_border":"#ffffff1a","secondary_button_hover_background":"#ffffff1a","secondary_button_hover_text":"#ffffff","secondary_button_hover_border":"#ffffff30","input_background":"#ffffff0a","input_text_color":"#ffffffed","input_border_color":"#ffffff1a","input_hover_background":"#ffffff0f","variant_background_color":"#ffffff0a","variant_text_color":"#ffffff","variant_border_color":"#ffffff1a","variant_hover_background_color":"#ffffff1a","variant_hover_text_color":"#ffffff","variant_hover_border_color":"#ffffff30","selected_variant_background_color":"#007aff","selected_variant_text_color":"#ffffff","selected_variant_border_color":"#007aff","selected_variant_hover_background_color":"#0056cc","selected_variant_hover_text_color":"#ffffff","selected_variant_hover_border_color":"#0056cc"}},"scheme-light":{"settings":{"background":"#ffffff","foreground_heading":"#000000","foreground":"#000000cf","primary":"#007aff","primary_hover":"#0056cc","border":"#0000000f","shadow":"#000000","primary_button_background":"#007aff","primary_button_text":"#ffffff","primary_button_border":"#007aff","primary_button_hover_background":"#0056cc","primary_button_hover_text":"#ffffff","primary_button_hover_border":"#0056cc","secondary_button_background":"#0000000f","secondary_button_text":"#000000","secondary_button_border":"#0000000f","secondary_button_hover_background":"#00000014","secondary_button_hover_text":"#000000","secondary_button_hover_border":"#00000021","input_background":"#ffffffc7","input_text_color":"#333333","input_border_color":"#f5f5f5","input_hover_background":"#ffffff","variant_background_color":"#ffffff","variant_text_color":"#000000","variant_border_color":"#00000021","variant_hover_background_color":"#f5f5f5","variant_hover_text_color":"#000000","variant_hover_border_color":"#e6e6e6","selected_variant_background_color":"#007aff","selected_variant_text_color":"#ffffff","selected_variant_border_color":"#007aff","selected_variant_hover_background_color":"#0056cc","selected_variant_hover_text_color":"#ffffff","selected_variant_hover_border_color":"#0056cc"}},"scheme-accent":{"settings":{"background":"#1a1a1a","foreground_heading":"#ffffff","foreground":"#ffffffb0","primary":"#5ac8fa","primary_hover":"#32aff4","border":"#ffffff21","shadow":"#000000","primary_button_background":"#5ac8fa","primary_button_text":"#000000","primary_button_border":"#5ac8fa","primary_button_hover_background":"#32aff4","primary_button_hover_text":"#000000","primary_button_hover_border":"#32aff4","secondary_button_background":"#ffffff14","secondary_button_text":"#ffffff","secondary_button_border":"#ffffff21","secondary_button_hover_background":"#ffffff26","secondary_button_hover_text":"#ffffff","secondary_button_hover_border":"#ffffff40","input_background":"#ffffff0f","input_text_color":"#ffffffed","input_border_color":"#ffffff21","input_hover_background":"#ffffff14","variant_background_color":"#ffffff0f","variant_text_color":"#ffffff","variant_border_color":"#ffffff21","variant_hover_background_color":"#ffffff21","variant_hover_text_color":"#ffffff","variant_hover_border_color":"#ffffff40","selected_variant_background_color":"#5ac8fa","selected_variant_text_color":"#000000","selected_variant_border_color":"#5ac8fa","selected_variant_hover_background_color":"#32aff4","selected_variant_hover_text_color":"#000000","selected_variant_hover_border_color":"#32aff4"}}}},"platform_customizations":{"custom_css":[".btn-primary {padding: 12px 24px; min-height: 48px; background: var(--button-primary-gradient); box-shadow: var(--button-primary-shadow); border-radius: 10px; color: #ffffff; font-size: 16px; line-height: 24px; font-weight: 500; text-shadow: 0px 10px 20px rgba(0, 0, 0, 0.25); \/* Glass overlay for extra juiciness *\/ backdrop-filter: blur(10px) saturate(1.2);}"," \/* Primary button hover effect *\/.btn-primary:hover {background: linear-gradient(14.76deg, #4a47f6 17.16%, #6b68f7 75%); box-shadow: var(--button-primary-shadow-hover); transform: translateY(-2px) scale(1.02); text-shadow: 0px 12px 24px rgba(0, 0, 0, 0.3);}"," \/* Primary button active\/pressed effect *\/.btn-primary:active {background: linear-gradient(14.76deg, #3a37f4 17.16%, #5248f5 75%); box-shadow: var(--button-primary-shadow-active); transform: translateY(1px) scale(0.98); text-shadow: 0px 6px 12px rgba(0, 0, 0, 0.3); transition: var(--button-transition-fast);}"," \/* Primary button focus state *\/.btn-primary:focus {outline: 2px solid rgba(115, 137, 255, 0.6); outline-offset: 3px; box-shadow: var(--button-primary-shadow-hover), 0 0 0 4px rgba(93, 90, 246, 0.2);}"]}}